Seq,Mass
A,71.0371
AC,174.463
AD,186.0463
AE,200.0797 
AF,218.1055
AH,208.0960
AK,199.1321
AL,184.1212
AM,202.0776
AN,185.0801
AP,168.0899
AQ,199.0957
AR,227.1382
AS,158.0691
AT,172.0848
AV,170.1055
AW,257.1164
AY,234.1004
C,103.0092
CD,218.0361
CE,232.0518
CF,250.0776
CG,160.0307
CH,240.0681
CL,216.0933
CM,234.0497
CN,217.0521
CP,200.0620
CQ,231.0678
CR,259.1103
CS,190.0412
CT,204.0569
CV,202.0776
CW,289.0885
CY,266.0725
CW,289.0885
CY,266.0725
D,115.0269
DE,244.0695
DF,262.0953
DG,172.0484
DH,252.0859
DK,243.1219
DL,228.1110
DM,246.0674
DN,229.0699
DP,212.0797
DQ,243.0855
DR,271.1281
DS,202.0590
DT,216.0746
DV,214.0954
DW,301.1063
DY,278.0903
E,129.0426
EF,276.1110
EG,186.0641
EH,266.1015
EK,257.1375
EL,242.1276
EM,260.0831
EN,243.0855
EP,226.0953
EQ,257.1375
ER,285.1473
ES,216.0746
ET,230.0903
EV,228.1110
EW,315.1219
EY,292.1059
F,147.0684
FG,204.0899
FH,284.1273
FK,275.1634
FL,260.1525
FM,278.1089
FN,260.1113
FP,244.1212
FQ,275.1634
FR,303.1695
FS,234.1004
FT,248.1161
FV,246.1368
FW,333.1477
FY,310.1317
G,57.0215
GH,194.0804
GK,185.1164
GL,170.1055
GM,188.0620
GN,171.0644
GP,154.0742
GQ,185.0801
GR,213.1226
GS,144.0535
GT,158.0692
GV,156.0899
GW,243.1008
GY,220.0848
H,137.0589
HK,265.1539
HL,250.1430
HM,268.0994
HN,251.1018
HP,234.1117
HQ,265.1175
HR,293.1600
HS,224.0909
HV,236.1273
HW,323.1382
HY,300.1223
K,128.0950
KL,241.1790
KM,259.1354
KN,242.1379
KP,225.1477
KQ,256.1535
KR,284.1960
KS,215.1270
KT,229.1426
KV,227.1634
KW,314.1734
KY,291.1583
L,113.0841
LM,244.1246
LN,227.1270
LP,210.1368
LQ,241.1426
LR,269.1852
LS,200.1161
LT,214.1317
LW,299.1634
LY,276.1474
M,131.0405
MN,245.0834
MP,228.0933
MQ,259.0991
MR,287.1416
MS,218.0725
MT,232.0882
MV,230.1089
MY,294.1038
N,114.0429
NP,211.0957
NQ,242.1015
NR,270.1440
NS,201.0750
NT,215.0906
NV,213.1113
NW,300.1223
NY,277.1063
P,97.0528
PQ,225.1113
PR,253.1539
PS,184.0848
PT,198.1004
PV,196.1212
PW,283.1321
PY,260.1161
Q,128.0586
QR,284.1597
QS,215.0906
QT,229.1063
QV,227.1270
QW,314.1379
QY,291.1219
R,156.1011
RS,243.1331
RT,257.1488
RV,255.1695
RW,342.1804
RY,319.1644
S,87.0320
ST,188.0797
SV,186.1004
SW,273.1113
SY,250.0954
T,101.0477
TV,200.1161
TW,287.1270
TY,264.110
V,99.0684
VW,285.1477
VY,262.1317
W,186.0793
WY,349.1426
Y,163.0633
I,113.08406
